epoch,time,train/box_loss,train/cls_loss,train/dfl_loss,metrics/precision(B),metrics/recall(B),metrics/mAP50(B),metrics/mAP50-95(B),val/box_loss,val/cls_loss,val/dfl_loss,lr/pg0,lr/pg1,lr/pg2
1,23.8199,2.9157,10.2537,1.16827,0.00015,0.02247,0,0,1.41518,75.0937,0.71315,0.000544553,0.000544553,0.000544553
2,42.1893,2.40101,6.76174,0.991,0.00538,1,0.05882,0.01904,1.59127,431.679,0.7656,0.00106391,0.00106391,0.00106391
3,63.9934,2.34018,5.208,0.97328,0.08928,0.80899,0.08495,0.02268,1.73461,938.031,0.80015,0.0015466,0.0015466,0.0015466
4,89.6387,2.30923,3.74177,0.94888,0.39151,0.41573,0.28083,0.06353,1.90801,9.67871,0.84192,0.00150197,0.00150197,0.00150197
5,110.186,2.25399,2.75021,0.95839,0.68407,0.73034,0.58949,0.17137,1.9306,12.407,0.89028,0.00144696,0.00144696,0.00144696
6,130.352,2.25895,2.1892,0.94857,0.92422,0.95927,0.95528,0.30733,1.57093,9.85675,0.76119,0.00139195,0.00139195,0.00139195
7,150.817,2.15326,1.66801,0.94191,0.9242,0.95893,0.94853,0.36668,1.51495,6.62988,0.73518,0.00133693,0.00133693,0.00133693
8,170.139,2.22724,1.49217,0.96261,0.95096,0.97753,0.96494,0.3817,1.49387,4.98073,0.738,0.00128192,0.00128192,0.00128192
9,189.576,2.20727,1.24375,0.95184,0.98672,0.98876,0.98469,0.39591,1.44735,3.94539,0.73432,0.00122691,0.00122691,0.00122691
10,214.195,2.19759,1.12951,0.95675,0.97377,0.98876,0.98525,0.38963,1.546,2.73717,0.74742,0.0011719,0.0011719,0.0011719
11,234.124,2.15776,1.06586,0.95289,0.9755,0.97753,0.97424,0.37408,1.59304,2.34267,0.77183,0.00111689,0.00111689,0.00111689
12,252.837,2.14384,0.95693,0.94233,0.96423,0.97753,0.96218,0.34871,1.68071,1.97854,0.79434,0.00106188,0.00106188,0.00106188
13,271.552,2.10119,0.92462,0.95426,0.89718,0.89888,0.90472,0.3163,1.68874,1.61943,0.77643,0.00100687,0.00100687,0.00100687
14,291.981,2.20688,0.89711,0.95263,0.97528,0.97753,0.97053,0.39628,1.43383,1.35524,0.7312,0.000951857,0.000951857,0.000951857
15,311.821,2.14913,0.85077,0.93876,0.98371,0.98876,0.98331,0.40571,1.63248,1.19548,0.76992,0.000896846,0.000896846,0.000896846
16,331.138,2.11817,0.83381,0.92597,0.95284,0.95506,0.93582,0.35322,1.70234,1.65696,0.80173,0.000841835,0.000841835,0.000841835
17,351.01,2.11302,0.83606,0.93675,0.98646,0.98876,0.99288,0.39167,1.6171,1.17301,0.75074,0.000786824,0.000786824,0.000786824
18,371.541,2.12447,0.8137,0.94367,0.96382,0.96629,0.952,0.3596,1.61077,1.30231,0.76238,0.000731813,0.000731813,0.000731813
19,390.335,2.15064,0.77217,0.94226,0.93008,0.94382,0.95076,0.3778,1.67864,0.94626,0.78691,0.000676802,0.000676802,0.000676802
20,409.294,2.08903,0.77695,0.93439,0.99758,1,0.995,0.39365,1.53505,0.88113,0.75584,0.000621791,0.000621791,0.000621791
21,429.378,1.9925,0.71704,0.98757,0.99731,1,0.995,0.41646,1.53531,0.81939,0.74249,0.00056678,0.00056678,0.00056678
22,448.108,1.96397,0.68827,0.97883,0.99704,1,0.995,0.44645,1.53601,0.84212,0.75657,0.000511769,0.000511769,0.000511769
23,466.862,1.92797,0.67342,0.96556,0.98617,0.98876,0.99067,0.40986,1.55026,0.73926,0.74167,0.000456758,0.000456758,0.000456758
24,484.257,1.97926,0.65394,0.96522,0.98583,0.98876,0.98388,0.4078,1.55425,0.6281,0.74528,0.000401747,0.000401747,0.000401747
25,501.375,1.97079,0.66497,0.94933,0.99783,1,0.995,0.42421,1.52491,0.65643,0.74663,0.000346736,0.000346736,0.000346736
26,518.353,1.95657,0.66333,0.96777,0.99746,1,0.995,0.46373,1.46656,0.64209,0.72866,0.000291725,0.000291725,0.000291725
27,536.256,1.92677,0.63836,0.95002,0.99647,1,0.995,0.44293,1.49178,0.59526,0.73458,0.000236714,0.000236714,0.000236714
28,553.737,1.89798,0.62353,0.96185,0.99813,1,0.995,0.43802,1.49804,0.57418,0.73802,0.000181703,0.000181703,0.000181703
29,570.654,1.91249,0.61077,0.94905,0.99644,1,0.995,0.42842,1.59328,0.5912,0.7612,0.000126692,0.000126692,0.000126692
30,587.907,1.91752,0.60281,0.95876,0.99684,1,0.995,0.42921,1.50215,0.57627,0.74222,7.1681e-05,7.1681e-05,7.1681e-05
